<!DOCTYPE xwork PUBLIC "-//OpenSymphony Group//XWork 1.1.1//EN" "http://www.opensymphony.com/xwork/xwork-1.1.1.dtd">
<!--
  ~ $Revision$
  ~ $Date$
  ~
  ~ Copyright (C) 1999-2007 Jive Software. All rights reserved.
  ~
  ~ This software is the proprietary information of Jive Software. Use is subject to license terms.
  -->
<xwork>
    <package name="clearfox-actions" namespace="" extends="community-default">

        <!-- actions that show up in the firefox sidebar -->
        <action name="cf-login"
            class="com.jivesoftware.clearspace.plugin.clearfoxplugin.LoginAction">
            <result name="success" type="httpheader">
                <param name="status">200</param>
            </result>
            <result name="unauth" type="httpheader">
                <param name="status">401</param>
            </result>
        </action>

        <action name="cf-logout"
            class="com.jivesoftware.clearspace.plugin.clearfoxplugin.LogoutAction">
            <result name="success" type="httpheader">
                <param name="status">200</param>
            </result>
        </action>

        <action name="cf-view"
            class="com.jivesoftware.clearspace.plugin.clearfoxplugin.ViewAction">
            <result name="success">/plugins/clearfox/resources/view.ftl</result>
            <result name="update">/plugins/clearfox/resources/update.ftl</result>
        </action>

        <action name="cf-settings"
            class="com.jivesoftware.clearspace.plugin.clearfoxplugin.SettingsAction">
            <result name="success" type="httpheader">
                <param name="status">200</param>
            </result>
        </action>

        <!-- regular view action, doesn't show in sidebar -->
        <action name="cf-about"
            class="com.jivesoftware.clearspace.plugin.clearfoxplugin.AboutAction">
            <result name="success">/plugins/clearfox/resources/about.ftl</result>
        </action>

        <action name="cf-updater"
            class="com.jivesoftware.clearspace.plugin.clearfoxplugin.UpdaterAction">
            <result name="success">
                <param name="location">/plugins/clearfox/resources/updater.ftl</param>
                <param name="contentType">text/rdf</param>
            </result>
        </action>

    </package>
</xwork>


